camera,sequence,pts_us,status,drop_reason,encoded_bytes,keyframe
A,0,285731,dropped,camera_frame_error,,
B,0,540966,dropped,camera_frame_error,,
A,1,319068,encoded,,66726,True
A,2,552399,encoded,,145,False
B,1,574301,encoded,,78693,True
A,3,585733,encoded,,138,False
B,2,607642,encoded,,52,False
A,4,619068,encoded,,53215,False
B,3,640967,encoded,,105,False
A,5,652402,encoded,,507,False
B,4,674312,encoded,,50515,False
A,6,685735,encoded,,10910,False
B,5,707636,encoded,,3549,False
A,7,719077,encoded,,19301,False
B,6,740970,encoded,,12760,False
A,8,752406,encoded,,3207,False
B,7,774307,encoded,,10460,False
A,9,785738,encoded,,25586,False
B,8,807652,encoded,,21364,False
A,10,819072,encoded,,4493,False
B,9,840993,encoded,,7420,False
A,11,852421,encoded,,3140,False
B,10,874320,encoded,,14809,False
A,12,885739,encoded,,11335,False
B,11,907655,encoded,,4459,False
A,13,919072,encoded,,21262,False
B,12,940980,encoded,,22091,False
A,14,952419,encoded,,598,False
B,13,974309,encoded,,5303,False
A,15,985740,encoded,,7483,False
B,14,1007660,encoded,,14547,False
A,16,1019074,encoded,,14314,False
B,15,1040981,encoded,,5712,False
A,17,1052408,encoded,,16667,False
B,16,1074309,encoded,,3897,False
A,18,1085741,encoded,,16666,False
B,17,1107652,encoded,,16427,False
A,19,1119075,encoded,,16667,False
B,18,1140978,encoded,,5707,False
A,20,1152411,encoded,,16667,False
B,19,1174311,encoded,,14490,False
A,21,1185748,encoded,,16666,False
B,20,1207647,encoded,,16667,False
A,22,1219076,encoded,,16667,False
B,21,1240979,encoded,,16666,False
A,23,1252413,encoded,,16667,False
B,22,1274313,encoded,,16667,False
A,24,1285765,encoded,,16666,False
B,23,1307650,encoded,,16667,False
A,25,1319109,encoded,,16667,False
B,24,1340980,encoded,,16666,False
A,26,1352418,encoded,,16667,False
B,25,1374329,encoded,,16667,False
A,27,1385749,encoded,,16666,False
B,26,1407651,encoded,,16667,False
A,28,1419082,encoded,,16667,False
B,27,1441020,encoded,,16666,False
A,29,1452415,encoded,,16667,False
B,28,1474324,encoded,,16667,False
A,30,1485763,encoded,,16666,False
B,29,1507656,encoded,,16667,False
A,31,1519083,encoded,,116455,True
B,30,1540982,encoded,,16666,False
A,32,1552415,encoded,,25462,False
B,31,1574317,encoded,,125311,True
A,33,1585749,encoded,,305,False
B,32,1607657,encoded,,19988,False
A,34,1619084,encoded,,2375,False
B,33,1640994,encoded,,614,False
A,35,1652417,encoded,,7089,False
B,34,1674321,encoded,,2643,False
A,36,1685751,encoded,,10572,False
B,35,1707658,encoded,,8678,False
A,37,1719085,encoded,,4923,False
B,36,1740997,encoded,,18570,False
A,38,1752418,encoded,,4043,False
B,37,1774325,encoded,,5833,False
A,39,1785752,encoded,,21865,False
B,38,1807653,encoded,,4530,False
A,40,1819086,encoded,,8893,False
B,39,1840999,encoded,,3601,False
A,41,1852420,encoded,,7074,False
B,40,1874322,encoded,,15334,False
A,42,1885753,encoded,,5961,False
B,41,1907656,encoded,,7501,False
A,43,1919089,encoded,,5512,False
B,42,1940994,encoded,,5768,False
A,44,1952421,encoded,,12805,False
B,43,1974328,encoded,,5169,False
A,45,1985781,encoded,,16666,False
B,44,2007657,encoded,,9794,False
A,46,2019123,encoded,,24290,False
B,45,2041003,encoded,,16666,False
A,47,2052456,encoded,,9044,False
B,46,2074331,encoded,,30088,False
A,48,2085770,encoded,,16666,False
B,47,2107664,encoded,,3246,False
A,49,2119111,encoded,,16667,False
B,48,2140996,encoded,,16666,False
A,50,2152456,encoded,,16667,False
B,49,2174328,encoded,,16667,False
A,51,2185757,encoded,,16666,False
B,50,2207682,encoded,,16667,False
A,52,2219096,encoded,,16667,False
B,51,2241009,encoded,,16666,False
A,53,2252425,encoded,,16667,False
B,52,2274339,encoded,,16667,False
A,54,2285758,encoded,,16666,False
B,53,2307694,encoded,,16667,False
A,55,2319092,encoded,,16667,False
B,54,2340997,encoded,,16666,False
A,56,2352428,encoded,,16667,False
B,55,2374338,encoded,,16667,False
B,56,2407685,encoded,,16667,False
A,57,2385760,encoded,,16666,False
B,57,2441023,encoded,,16666,False
A,58,2419095,encoded,,16667,False
A,59,2452433,encoded,,16667,False
B,58,2474386,encoded,,16667,False
A,60,2485765,encoded,,16666,False
B,59,2507691,encoded,,16667,False
A,61,2519097,encoded,,116307,True
B,60,2541005,encoded,,16666,False
A,62,2552434,encoded,,24420,False
B,61,2574332,encoded,,125044,True
A,63,2585764,encoded,,10831,False
B,62,2607669,encoded,,19185,False
A,64,2619100,encoded,,9490,False
B,63,2640998,encoded,,4658,False
A,65,2652433,encoded,,14846,False
B,64,2674338,encoded,,10992,False
A,66,2685765,encoded,,15060,False
B,65,2707682,encoded,,12243,False
A,67,2719100,encoded,,16166,False
B,66,2741007,encoded,,13640,False
A,68,2752433,encoded,,9138,False
B,67,2774340,encoded,,20218,False
A,69,2785767,encoded,,8078,False
B,68,2807669,encoded,,7376,False
A,70,2819102,encoded,,6171,False
B,69,2841003,encoded,,19090,False
A,71,2852439,encoded,,5740,False
B,70,2874342,encoded,,9537,False
A,72,2885771,encoded,,5317,False
B,71,2907673,encoded,,7541,False
A,73,2919100,encoded,,19912,False
B,72,2941022,encoded,,6561,False
A,74,2952449,encoded,,2228,False
B,73,2974340,encoded,,6086,False
A,75,2985770,encoded,,12136,False
B,74,3007673,encoded,,5466,False
A,76,3019105,encoded,,8300,False
B,75,3041011,encoded,,5247,False
A,77,3052447,encoded,,7063,False
B,76,3074341,encoded,,28752,False
A,78,3085772,encoded,,8797,False
B,77,3107681,encoded,,1659,False
A,79,3119108,encoded,,16667,False
B,78,3141010,encoded,,14794,False
A,80,3152457,encoded,,30339,False
B,79,3174354,encoded,,9301,False
A,81,3185773,encoded,,3517,False
B,80,3207674,encoded,,8173,False
A,82,3219114,encoded,,16144,False
B,81,3241014,encoded,,14437,False
A,83,3252438,encoded,,16667,False
B,82,3274342,encoded,,16667,False
A,84,3285773,encoded,,16666,False
B,83,3307679,encoded,,16667,False
A,85,3319111,encoded,,16667,False
B,84,3341020,encoded,,16666,False
A,86,3352442,encoded,,16667,False
B,85,3374349,encoded,,16667,False
A,87,3385781,encoded,,16666,False
B,86,3407683,encoded,,16667,False
A,88,3419112,encoded,,16667,False
B,87,3441018,encoded,,16666,False
A,89,3452482,encoded,,16667,False
B,88,3474353,encoded,,16667,False
A,90,3485776,encoded,,16666,False
B,89,3507686,encoded,,16667,False
A,91,3519149,encoded,,116426,True
B,90,3541017,encoded,,16666,False
A,92,3552515,encoded,,18673,False
B,91,3574362,encoded,,125210,True
A,93,3585804,encoded,,12492,False
B,92,3607717,encoded,,19841,False
A,94,3619112,encoded,,21626,False
B,93,3641015,encoded,,11154,False
A,95,3652447,encoded,,24041,False
B,94,3674354,encoded,,18553,False
A,96,3685780,encoded,,13841,False
B,95,3707689,encoded,,20952,False
A,97,3719115,encoded,,9110,False
B,96,3741024,encoded,,16939,False
A,98,3752457,encoded,,7419,False
B,97,3774355,encoded,,15189,False
A,99,3785780,encoded,,24473,False
B,98,3807687,encoded,,8528,False
A,100,3819119,encoded,,11690,False
B,99,3841028,encoded,,7297,False
A,101,3852454,encoded,,9346,False
B,100,3874355,encoded,,6006,False
A,102,3885782,encoded,,7903,False
B,101,3907683,encoded,,20338,False
A,103,3919116,encoded,,7484,False
B,102,3941018,encoded,,11854,False
A,104,3952452,encoded,,6897,False
B,103,3974353,encoded,,17641,False
A,105,3985786,encoded,,6124,False
B,104,4007687,encoded,,9931,False
A,106,4019130,encoded,,5820,False
B,105,4041019,encoded,,8688,False
A,107,4052471,encoded,,5544,False
B,106,4074353,encoded,,7601,False
A,108,4085796,encoded,,5129,False
B,107,4107686,encoded,,6864,False
A,109,4119125,encoded,,24293,False
B,108,4141021,encoded,,6660,False
A,110,4152468,encoded,,2399,False
B,109,4174361,encoded,,5852,False
A,111,4185799,encoded,,15515,False
B,110,4207690,encoded,,5398,False
A,112,4219121,encoded,,11034,False
B,111,4241030,encoded,,5049,False
A,113,4252456,encoded,,16055,False
B,112,4274362,encoded,,11122,False
A,114,4285790,encoded,,16666,False
B,113,4307699,encoded,,16667,False
A,115,4319159,encoded,,16667,False
B,114,4341028,encoded,,34119,False
A,116,4352476,encoded,,16667,False
B,115,4374364,encoded,,2208,False
A,117,4385790,encoded,,16666,False
B,116,4407695,encoded,,13673,False
A,118,4419125,encoded,,16667,False
B,117,4441036,encoded,,16666,False
A,119,4452456,encoded,,16667,False
B,118,4474370,encoded,,16667,False
A,120,4485790,encoded,,16666,False
B,119,4507693,encoded,,16667,False
A,121,4519130,encoded,,125586,True
B,120,4541040,encoded,,16666,False
A,122,4552459,encoded,,18546,False
B,121,4574382,encoded,,124881,True
A,123,4585804,encoded,,12374,False
B,122,4607696,encoded,,8180,False
A,124,4619148,encoded,,14771,False
B,123,4641035,encoded,,14822,False
A,125,4652484,encoded,,20258,False
B,124,4674363,encoded,,22971,False
A,126,4685815,encoded,,12197,False
B,125,4707704,encoded,,14085,False
A,127,4719167,encoded,,20116,False
B,126,4741049,encoded,,9186,False
A,128,4752502,encoded,,16969,False
B,127,4774371,encoded,,9488,False
A,129,4785795,encoded,,10835,False
B,128,4807703,encoded,,25456,False
A,130,4819168,encoded,,8560,False
B,129,4841034,encoded,,13037,False
A,131,4885807,encoded,,7842,False
B,130,4874371,encoded,,12622,False
A,132,4919154,encoded,,7050,False
B,131,4907704,encoded,,12288,False
A,133,4952466,encoded,,6264,False
B,132,4941057,encoded,,14606,False
A,134,4985801,encoded,,15492,False
B,133,4974369,encoded,,19564,False
A,135,5019133,encoded,,15247,False
B,134,5007723,encoded,,8730,False
B,135,5041053,encoded,,7623,False
A,136,5052466,encoded,,10411,False
A,137,5085799,encoded,,8673,False
B,136,5074379,encoded,,6739,False
A,138,5119133,encoded,,7277,False
B,137,5141039,encoded,,6386,False
A,139,5152467,encoded,,6314,False
B,138,5174402,encoded,,5786,False
A,140,5185803,encoded,,24522,False
B,139,5207728,encoded,,4939,False
A,141,5219141,encoded,,13464,False
B,140,5241056,encoded,,5097,False
A,142,5252472,encoded,,11482,False
B,141,5274375,encoded,,5126,False
A,143,5285803,encoded,,10372,False
B,142,5307715,encoded,,15055,False
A,144,5319155,encoded,,9738,False
B,143,5341047,encoded,,18046,False
A,145,5352499,encoded,,9157,False
B,144,5374374,encoded,,15287,False
A,146,5385805,encoded,,9886,False
B,145,5407714,encoded,,16667,False
A,147,5419164,encoded,,16597,False
B,146,5441047,encoded,,16667,False
A,148,5452475,encoded,,16667,False
B,147,5474388,encoded,,16666,False
A,149,5485821,encoded,,16667,False
B,148,5507721,encoded,,16667,False
A,150,5519143,encoded,,16666,False
B,149,5541046,encoded,,16667,False
A,151,5552485,encoded,,126156,True
B,150,5574377,encoded,,16666,False
A,152,5585808,encoded,,26128,False
B,151,5607724,encoded,,125037,True
A,153,5619141,encoded,,9366,False
B,152,5641060,encoded,,15865,False
A,154,5652476,encoded,,18381,False
B,153,5674389,encoded,,11608,False
A,155,5685808,encoded,,16699,False
B,154,5707735,encoded,,13847,False
A,156,5719142,encoded,,9209,False
B,155,5741059,encoded,,16076,False
A,157,5752476,encoded,,18586,False
B,156,5774416,encoded,,9965,False
A,158,5785809,encoded,,17302,False
B,157,5807713,encoded,,22262,False
A,159,5819144,encoded,,10383,False
B,158,5841050,encoded,,13275,False
A,160,5852477,encoded,,8645,False
B,159,5874381,encoded,,12180,False
A,161,5885810,encoded,,8004,False
B,160,5907720,encoded,,10537,False
A,162,5919145,encoded,,7104,False
B,161,5941049,encoded,,13028,False
A,163,5952518,encoded,,6525,False
B,162,5974385,encoded,,12341,False
A,164,5985812,encoded,,6245,False
B,163,6007715,encoded,,21827,False
A,165,6019189,encoded,,26231,False
B,164,6041051,encoded,,7450,False
A,166,6052485,encoded,,3004,False
B,165,6074393,encoded,,6886,False
A,167,6085838,encoded,,16803,False
B,166,6107722,encoded,,6282,False
A,168,6119192,encoded,,11615,False
B,167,6141070,encoded,,5878,False
A,169,6152501,encoded,,10761,False
B,168,6174389,encoded,,5872,False
A,170,6185835,encoded,,9692,False
B,169,6207727,encoded,,12648,False
A,171,6252515,encoded,,9124,False
B,170,6241052,encoded,,8855,False
A,172,6285818,encoded,,9021,False
B,171,6274386,encoded,,7832,False
A,173,6319151,encoded,,8688,False
B,172,6307739,encoded,,7116,False
A,174,6352488,encoded,,9097,False
B,173,6341073,encoded,,16667,False
A,175,6385819,encoded,,13898,False
B,174,6374391,encoded,,26311,False
A,176,6419152,encoded,,16667,False
B,175,6441057,encoded,,7022,False
A,177,6452517,encoded,,16666,False
B,176,6474393,encoded,,16667,False
A,178,6485820,encoded,,16667,False
B,177,6507725,encoded,,16666,False
A,179,6519177,encoded,,16667,False
B,178,6541072,encoded,,16667,False
A,180,6552509,encoded,,16666,False
B,179,6574390,encoded,,16667,False
A,181,6585827,encoded,,125903,True
B,180,6607727,encoded,,16666,False
A,182,6619155,encoded,,23927,False
B,181,6641071,encoded,,125381,True
A,183,6652490,encoded,,8633,False
B,182,6674392,encoded,,19964,False
A,184,6685823,encoded,,14038,False
B,183,6707756,encoded,,10815,False
A,185,6719156,encoded,,19578,False
B,184,6741069,encoded,,11153,False
A,186,6752490,encoded,,23987,False
B,185,6774403,encoded,,13897,False
A,187,6785825,encoded,,20051,False
B,186,6807744,encoded,,9231,False
A,188,6819159,encoded,,11536,False
B,187,6841069,encoded,,21011,False
A,189,6852493,encoded,,9389,False
B,188,6874405,encoded,,11344,False
B,189,6907737,encoded,,12875,False
A,190,6885827,encoded,,8351,False
A,191,6919162,encoded,,7537,False
B,190,6941096,encoded,,10618,False
A,192,6952497,encoded,,6963,False
B,191,6974401,encoded,,11586,False
A,193,6985828,encoded,,18915,False
B,192,7007731,encoded,,13446,False
A,194,7019184,encoded,,4391,False
B,193,7041065,encoded,,10745,False
A,195,7052515,encoded,,20915,False
B,194,7074404,encoded,,22645,False
A,196,7085829,encoded,,13117,False
B,195,7107732,encoded,,8055,False
A,197,7119172,encoded,,10908,False
B,196,7141066,encoded,,6887,False
A,198,7152540,encoded,,10383,False
B,197,7174400,encoded,,6171,False
A,199,7185843,encoded,,10584,False
B,198,7207739,encoded,,6010,False
A,200,7219177,encoded,,9207,False
B,199,7241074,encoded,,13072,False
A,201,7252502,encoded,,8637,False
B,200,7274405,encoded,,9102,False
A,202,7285833,encoded,,8641,False
B,201,7307738,encoded,,8356,False
A,203,7319183,encoded,,8213,False
B,202,7341074,encoded,,7748,False
A,204,7352506,encoded,,7551,False
B,203,7374419,encoded,,13222,False
A,205,7385844,encoded,,8297,False
B,204,7407755,encoded,,16666,False
A,206,7419188,encoded,,13682,False
B,205,7441080,encoded,,16667,False
B,206,7474413,encoded,,16667,False
A,207,7452500,encoded,,16666,False
A,208,7485834,encoded,,16667,False
B,207,7507745,encoded,,16666,False
A,209,7552510,encoded,,16667,False
B,208,7541100,encoded,,16667,False
A,210,7585836,encoded,,16666,False
B,209,7574407,encoded,,16667,False
A,211,7619170,encoded,,125806,True
B,210,7607754,encoded,,16666,False
A,212,7652503,encoded,,20474,False
B,211,7674432,encoded,,125382,True
A,213,7685836,encoded,,11048,False
B,212,7707744,encoded,,12781,False
A,214,7719172,encoded,,17413,False
B,213,7741076,encoded,,20202,False
A,215,7752506,encoded,,17360,False
B,214,7774410,encoded,,14767,False
A,216,7785861,encoded,,22507,False
B,215,7807744,encoded,,16594,False
A,217,7819193,encoded,,20592,False
B,216,7841087,encoded,,15675,False
A,218,7852535,encoded,,11368,False
B,217,7874411,encoded,,22898,False
A,219,7885868,encoded,,9584,False
B,218,7907744,encoded,,13323,False
A,220,7919175,encoded,,8744,False
B,219,7941079,encoded,,15210,False
A,221,7952568,encoded,,7590,False
B,220,7974420,encoded,,15793,False
A,222,7985841,encoded,,20501,False
B,221,8007759,encoded,,16686,False
A,223,8019183,encoded,,4075,False
B,222,8041094,encoded,,13241,False
A,224,8052534,encoded,,20904,False
B,223,8074431,encoded,,9132,False
A,225,8085842,encoded,,12628,False
B,224,8107755,encoded,,7820,False
A,226,8119194,encoded,,11182,False
B,225,8141090,encoded,,7260,False
A,227,8152511,encoded,,10358,False
B,226,8174426,encoded,,6696,False
A,228,8185845,encoded,,9757,False
B,227,8207750,encoded,,6498,False
A,229,8219178,encoded,,8939,False
B,228,8241085,encoded,,5734,False
A,230,8252513,encoded,,8710,False
B,229,8274418,encoded,,13166,False
A,231,8285847,encoded,,9364,False
B,230,8307752,encoded,,8758,False
A,232,8319180,encoded,,8506,False
B,231,8341084,encoded,,7759,False
A,233,8352514,encoded,,8291,False
B,232,8374423,encoded,,7604,False
A,234,8385852,encoded,,8095,False
B,233,8407752,encoded,,7109,False
A,235,8419212,encoded,,7922,False
B,234,8441093,encoded,,9912,False
A,236,8452517,encoded,,11616,False
B,235,8474432,encoded,,16667,False
A,237,8485853,encoded,,16666,False
B,236,8507772,encoded,,25382,False
A,238,8519183,encoded,,16667,False
B,237,8541103,encoded,,7951,False
A,239,8552521,encoded,,16667,False
B,238,8574424,encoded,,16667,False
A,240,8585851,encoded,,16666,False
B,239,8607776,encoded,,16667,False
A,241,8652519,encoded,,125798,True
B,240,8641104,encoded,,16666,False
A,242,8685852,encoded,,19211,False
B,241,8674429,encoded,,125057,True
A,243,8719185,encoded,,11080,False
B,242,8707779,encoded,,16800,False
A,244,8752520,encoded,,18830,False
B,243,8741113,encoded,,12749,False
A,245,8785860,encoded,,17865,False
B,244,8774454,encoded,,15897,False
A,246,8819189,encoded,,22545,False
B,245,8841098,encoded,,13602,False
A,247,8852523,encoded,,15488,False
B,246,8874437,encoded,,23520,False
A,248,8885855,encoded,,16164,False
B,247,8907787,encoded,,12531,False
A,249,8919200,encoded,,10243,False
B,248,8941107,encoded,,12954,False
A,250,8952525,encoded,,8668,False
B,249,8974436,encoded,,12516,False
A,251,8985856,encoded,,7575,False
B,250,9007761,encoded,,15049,False
A,252,9019207,encoded,,7116,False
B,251,9041096,encoded,,15401,False
A,253,9052525,encoded,,19890,False
B,252,9074429,encoded,,19678,False
A,254,9085858,encoded,,18830,False
B,253,9107763,encoded,,8892,False
A,255,9119190,encoded,,13100,False
B,254,9141097,encoded,,7434,False
A,256,9152526,encoded,,11314,False
B,255,9174434,encoded,,6628,False
A,257,9185861,encoded,,10738,False
B,256,9207772,encoded,,6286,False
A,258,9219194,encoded,,9617,False
B,257,9241114,encoded,,13885,False
A,259,9252549,encoded,,9444,False
B,258,9274439,encoded,,9216,False
A,260,9285894,encoded,,9059,False
B,259,9307775,encoded,,8482,False
A,261,9319237,encoded,,8779,False
B,260,9341123,encoded,,7430,False
A,262,9352534,encoded,,9079,False
B,261,9374467,encoded,,6971,False
A,263,9385862,encoded,,8386,False
B,262,9407776,encoded,,6667,False
A,264,9419205,encoded,,8159,False
B,263,9441112,encoded,,6631,False
A,265,9452531,encoded,,7532,False
B,264,9474440,encoded,,15724,False
A,266,9485862,encoded,,8824,False
B,265,9507777,encoded,,32681,False
A,267,9519196,encoded,,16666,False
B,266,9541104,encoded,,4925,False
A,268,9552530,encoded,,33048,False
B,267,9574457,encoded,,12394,False
A,269,9585866,encoded,,4614,False
B,268,9607783,encoded,,16667,False
A,270,9619210,encoded,,12338,False
B,269,9641113,encoded,,16667,False
A,271,9652534,encoded,,126010,True
B,270,9674440,encoded,,16666,False
A,272,9685866,encoded,,18135,False
B,271,9707773,encoded,,125387,True
A,273,9719202,encoded,,6814,False
B,272,9741107,encoded,,12751,False
A,274,9752535,encoded,,23828,False
B,273,9774444,encoded,,13814,False
A,275,9785869,encoded,,17718,False
B,274,9807777,encoded,,12973,False
A,276,9819276,encoded,,19837,False
B,275,9841111,encoded,,15707,False
A,277,9852565,encoded,,15464,False
B,276,9874458,encoded,,16526,False
A,278,9885888,encoded,,18456,False
B,277,9907777,encoded,,20369,False
A,279,9919223,encoded,,11074,False
B,278,9941110,encoded,,12318,False
A,280,9952579,encoded,,8967,False
B,279,9974446,encoded,,15147,False
A,281,10019205,encoded,,7771,False
B,280,10007797,encoded,,13140,False
A,282,10052540,encoded,,20420,False
B,281,10041124,encoded,,11709,False
A,283,10085878,encoded,,20617,False
B,282,10074446,encoded,,11547,False
A,284,10119208,encoded,,2532,False
B,283,10107783,encoded,,10737,False
A,285,10152539,encoded,,16298,False
B,284,10141115,encoded,,15817,False
A,286,10185881,encoded,,12011,False
B,285,10174463,encoded,,8682,False
A,287,10219212,encoded,,10374,False
B,286,10207796,encoded,,7108,False
A,288,10252541,encoded,,10029,False
B,287,10274451,encoded,,7014,False
A,289,10285876,encoded,,9587,False
B,288,10307786,encoded,,6711,False
A,290,10319243,encoded,,8542,False
B,289,10341118,encoded,,13834,False
A,291,10352547,encoded,,8693,False
B,290,10374456,encoded,,9517,False
A,292,10385877,encoded,,8450,False
B,291,10407785,encoded,,7876,False
A,293,10419211,encoded,,8145,False
B,292,10441139,encoded,,7281,False
A,294,10452545,encoded,,7933,False
B,293,10474462,encoded,,7369,False
A,295,10485878,encoded,,7541,False
B,294,10507813,encoded,,16666,False
A,296,10519220,encoded,,8088,False
B,295,10541147,encoded,,34488,False
A,297,10552546,encoded,,16666,False
B,296,10574482,encoded,,4490,False
A,298,10585879,encoded,,27443,False
B,297,10607789,encoded,,11022,False
A,299,10619212,encoded,,5891,False
B,298,10641124,encoded,,16667,False
A,300,10652550,encoded,,16666,False
B,299,10674456,encoded,,16667,False
A,301,10685882,encoded,,116716,True
B,300,10707807,encoded,,16666,False
A,302,10719233,encoded,,14499,False
B,301,10741125,encoded,,125222,True
A,303,10752548,encoded,,15375,False
B,302,10774461,encoded,,12915,False
A,304,10785882,encoded,,29206,False
B,303,10807790,encoded,,13965,False
A,305,10819216,encoded,,20710,False
B,304,10841126,encoded,,18776,False
A,306,10852550,encoded,,22903,False
B,305,10874458,encoded,,15865,False
A,307,10885888,encoded,,14762,False
B,306,10907790,encoded,,10475,False
A,308,10919218,encoded,,17792,False
B,307,10941128,encoded,,22345,False
A,309,10952599,encoded,,10651,False
B,308,10974459,encoded,,12463,False
A,310,10985886,encoded,,9117,False
B,309,11007793,encoded,,10839,False
A,311,11019237,encoded,,7619,False
B,310,11041141,encoded,,9995,False
A,312,11052569,encoded,,6786,False
B,311,11074465,encoded,,12704,False
A,313,11085891,encoded,,19738,False
B,312,11107802,encoded,,14040,False
A,314,11119251,encoded,,19458,False
B,313,11141157,encoded,,14254,False
A,315,11185908,encoded,,12899,False
B,314,11174470,encoded,,15536,False
A,316,11219223,encoded,,10942,False
B,315,11207812,encoded,,8732,False
A,317,11252556,encoded,,10142,False
B,316,11241138,encoded,,7244,False
A,318,11285897,encoded,,9657,False
B,317,11274481,encoded,,6462,False
A,319,11319225,encoded,,9020,False
B,318,11307824,encoded,,13766,False
A,320,11352558,encoded,,9064,False
B,319,11341144,encoded,,9001,False
A,321,11385902,encoded,,8558,False
B,320,11374470,encoded,,7824,False
A,322,11419226,encoded,,8007,False
B,321,11407799,encoded,,7232,False
A,323,11452561,encoded,,8120,False
B,322,11441147,encoded,,7124,False
A,324,11485894,encoded,,7997,False
B,323,11474487,encoded,,6555,False
A,325,11519226,encoded,,8268,False
B,324,11541143,encoded,,16666,False
A,326,11552560,encoded,,7486,False
B,325,11574472,encoded,,33585,False
A,327,11585895,encoded,,14508,False
B,326,11607803,encoded,,3996,False
A,328,11619244,encoded,,19296,False
B,327,11641144,encoded,,12419,False
A,329,11652563,encoded,,14038,False
B,328,11674474,encoded,,16667,False
A,330,11685945,encoded,,16666,False
B,329,11707813,encoded,,16667,False
A,331,11719256,encoded,,126067,True
B,330,11741139,encoded,,16666,False
A,332,11752612,encoded,,20681,False
B,331,11774483,encoded,,125252,True
A,333,11785896,encoded,,10963,False
B,332,11807806,encoded,,17171,False
A,334,11819233,encoded,,16542,False
B,333,11841142,encoded,,11524,False
A,335,11852569,encoded,,10161,False
B,334,11874478,encoded,,12145,False
A,336,11885899,encoded,,18152,False
B,335,11907825,encoded,,15098,False
A,337,11919235,encoded,,12420,False
B,336,11941144,encoded,,23718,False
A,338,11952566,encoded,,15412,False
B,337,11974480,encoded,,11067,False
A,339,11985903,encoded,,19851,False
B,338,12007825,encoded,,10360,False
A,340,12019234,encoded,,9798,False
B,339,12041170,encoded,,12774,False
A,341,12052569,encoded,,8315,False
B,340,12074486,encoded,,13530,False
A,342,12085902,encoded,,19755,False
B,341,12107812,encoded,,18218,False
A,343,12119238,encoded,,21594,False
B,342,12141163,encoded,,20926,False
A,344,12152570,encoded,,2852,False
B,343,12174489,encoded,,7727,False
A,345,12185905,encoded,,16724,False
B,344,12207821,encoded,,7002,False
A,346,12219236,encoded,,11819,False
B,345,12241147,encoded,,6419,False
A,347,12252571,encoded,,10451,False
B,346,12274480,encoded,,6235,False
A,348,12285904,encoded,,9832,False
B,347,12307821,encoded,,13373,False
A,349,12319268,encoded,,9524,False
B,348,12341153,encoded,,10011,False
A,350,12352590,encoded,,8586,False
B,349,12374479,encoded,,7695,False
A,351,12385907,encoded,,8491,False
B,350,12407816,encoded,,7236,False
A,352,12419244,encoded,,8044,False
B,351,12441149,encoded,,6412,False
A,353,12452605,encoded,,8003,False
B,352,12474482,encoded,,6407,False
A,354,12485909,encoded,,8215,False
B,353,12507834,encoded,,13034,False
A,355,12519243,encoded,,7721,False
B,354,12541169,encoded,,24716,False
A,356,12585919,encoded,,13361,False
B,355,12574487,encoded,,12624,False
A,357,12619243,encoded,,16666,False
B,356,12607835,encoded,,12660,False
A,358,12652589,encoded,,18883,False
B,357,12641178,encoded,,16666,False
A,359,12685911,encoded,,14451,False
B,358,12674505,encoded,,16667,False
A,360,12719244,encoded,,16666,False
B,359,12707826,encoded,,16667,False
A,361,12752578,encoded,,126137,True
B,360,12741166,encoded,,16666,False
A,362,12785912,encoded,,17383,False
B,361,12774496,encoded,,125100,True
A,363,12819246,encoded,,11204,False
B,362,12841160,encoded,,12651,False
A,364,12852579,encoded,,18934,False
B,363,12874490,encoded,,20217,False
A,365,12885915,encoded,,17782,False
B,364,12907836,encoded,,14703,False
A,366,12919247,encoded,,21056,False
B,365,12941163,encoded,,23420,False
A,367,12952580,encoded,,14942,False
B,366,12974493,encoded,,18873,False
A,368,12985938,encoded,,16792,False
B,367,13007829,encoded,,17300,False
A,369,13019250,encoded,,10128,False
B,368,13041158,encoded,,13061,False
A,370,13052583,encoded,,8761,False
B,369,13074492,encoded,,12901,False
A,371,13085919,encoded,,7800,False
B,370,13107827,encoded,,15194,False
A,372,13119300,encoded,,21604,False
B,371,13141177,encoded,,14133,False
A,373,13152633,encoded,,20079,False
B,372,13174498,encoded,,13705,False
A,374,13185942,encoded,,13417,False
B,373,13207833,encoded,,8408,False
A,375,13219262,encoded,,11340,False
B,374,13241212,encoded,,7476,False
A,376,13252613,encoded,,3012,False
B,375,13274508,encoded,,7100,False
A,377,13285931,encoded,,13464,False
B,376,13307849,encoded,,6099,False
A,378,13319253,encoded,,10631,False
B,377,13341182,encoded,,13512,False
A,379,13352587,encoded,,9844,False
B,378,13374516,encoded,,9195,False
A,380,13385925,encoded,,9053,False
B,379,13407833,encoded,,8077,False
A,381,13419264,encoded,,8436,False
B,380,13441164,encoded,,7487,False
A,382,13452591,encoded,,9195,False
B,381,13474500,encoded,,7172,False
A,383,13485927,encoded,,8924,False
B,382,13507851,encoded,,6561,False
A,384,13519281,encoded,,8080,False
A,385,13552590,encoded,,7639,False
B,383,13541167,encoded,,6406,False
B,384,13574499,encoded,,11249,False
A,386,13585925,encoded,,7697,False
B,385,13607836,encoded,,16667,False
A,387,13619258,encoded,,16666,False
B,386,13641168,encoded,,34174,False
A,388,13652591,encoded,,38270,False
B,387,13674515,encoded,,3307,False
A,389,13685926,encoded,,3846,False
B,388,13707845,encoded,,12519,False
A,390,13719259,encoded,,7884,False
B,389,13741174,encoded,,16667,False
A,391,13752599,encoded,,125870,True
B,390,13774503,encoded,,16666,False
A,392,13785927,encoded,,17706,False
B,391,13807837,encoded,,125108,True
A,393,13819260,encoded,,6743,False
B,392,13841174,encoded,,12447,False
A,394,13885928,encoded,,23145,False
B,393,13874516,encoded,,19913,False
A,395,13919265,encoded,,18810,False
B,394,13907860,encoded,,14767,False
A,396,13952598,encoded,,24563,False
B,395,13941198,encoded,,16155,False
A,397,13985937,encoded,,21203,False
B,396,13974507,encoded,,23487,False
A,398,14019266,encoded,,11424,False
B,397,14007853,encoded,,10702,False
A,399,14052597,encoded,,9774,False
B,398,14041185,encoded,,15251,False
A,400,14085934,encoded,,8827,False
B,399,14074520,encoded,,11670,False
A,401,14119267,encoded,,7820,False
B,400,14107842,encoded,,10009,False
A,402,14152601,encoded,,7189,False
B,401,14174516,encoded,,12732,False
A,403,14185946,encoded,,19317,False
B,402,14207853,encoded,,13822,False
A,404,14219291,encoded,,19560,False
B,403,14241179,encoded,,18279,False
A,405,14252615,encoded,,13063,False
B,404,14274519,encoded,,8910,False
A,406,14285964,encoded,,11213,False
B,405,14307854,encoded,,7607,False
A,407,14319309,encoded,,10531,False
B,406,14341178,encoded,,6823,False
A,408,14352625,encoded,,9620,False
B,407,14374514,encoded,,6024,False
A,409,14385969,encoded,,9358,False
B,408,14407865,encoded,,13388,False
A,410,14419272,encoded,,8271,False
B,409,14441184,encoded,,9458,False
A,411,14452611,encoded,,8636,False
B,410,14474522,encoded,,8081,False
A,412,14485939,encoded,,8716,False
B,411,14507866,encoded,,7371,False
A,413,14519275,encoded,,8095,False
B,412,14541202,encoded,,6627,False
A,414,14552607,encoded,,8060,False
B,413,14574534,encoded,,6835,False
A,415,14585940,encoded,,7575,False
B,414,14607871,encoded,,14534,False
A,416,14619273,encoded,,8245,False
B,415,14641199,encoded,,34630,False
A,417,14652610,encoded,,16666,False
B,416,14674529,encoded,,4050,False
A,418,14685944,encoded,,29484,False
B,417,14707854,encoded,,11320,False
A,419,14719275,encoded,,4265,False
B,418,14741194,encoded,,16667,False
A,420,14752620,encoded,,16251,False
B,419,14774530,encoded,,16667,False
A,421,14785943,encoded,,125918,True
B,420,14807863,encoded,,16666,False
A,422,14819298,encoded,,26129,False
B,421,14841196,encoded,,124990,True
A,423,14852621,encoded,,9343,False
B,422,14874520,encoded,,13312,False
A,424,14885945,encoded,,14185,False
B,423,14907860,encoded,,13592,False
A,425,14919278,encoded,,17830,False
B,424,14941187,encoded,,12865,False
A,426,14952621,encoded,,22482,False
B,425,14974525,encoded,,15022,False
A,427,14985945,encoded,,20485,False
B,426,15007858,encoded,,16283,False
A,428,15019295,encoded,,11341,False
B,427,15041190,encoded,,15887,False
A,429,15052637,encoded,,9482,False
B,428,15074530,encoded,,14145,False
A,430,15085961,encoded,,8173,False
B,429,15107857,encoded,,11619,False
A,431,15119308,encoded,,7703,False
B,430,15141203,encoded,,14628,False
A,432,15185949,encoded,,19203,False
B,431,15174532,encoded,,11801,False
A,433,15219284,encoded,,20872,False
B,432,15207881,encoded,,18096,False
A,434,15252620,encoded,,2762,False
B,433,15241218,encoded,,16218,False
A,435,15285950,encoded,,16034,False
B,434,15274541,encoded,,7895,False
A,436,15319286,encoded,,11531,False
B,435,15341205,encoded,,6704,False
A,437,15352617,encoded,,11099,False
B,436,15374542,encoded,,14390,False
A,438,15385955,encoded,,10350,False
B,437,15407863,encoded,,9593,False
A,439,15419284,encoded,,9385,False
B,438,15441196,encoded,,8432,False
A,440,15452623,encoded,,9361,False
B,439,15474544,encoded,,7380,False
A,441,15485955,encoded,,9195,False
B,440,15507870,encoded,,7144,False
A,442,15519287,encoded,,8701,False
B,441,15541201,encoded,,6304,False
A,443,15552624,encoded,,8337,False
B,442,15574535,encoded,,5886,False
A,444,15585961,encoded,,7851,False
B,443,15607872,encoded,,11148,False
A,445,15619292,encoded,,7743,False
B,444,15641208,encoded,,16666,False
A,446,15652635,encoded,,7839,False
B,445,15674555,encoded,,23507,False
A,447,15685956,encoded,,16666,False
B,446,15707866,encoded,,9827,False
A,448,15719290,encoded,,25337,False
B,447,15741212,encoded,,16666,False
A,449,15752641,encoded,,7997,False
B,448,15774554,encoded,,16667,False
A,450,15785958,encoded,,16666,False
B,449,15807878,encoded,,16667,False
A,451,15819292,encoded,,125886,True
B,450,15841200,encoded,,16666,False
A,452,15852626,encoded,,21047,False
B,451,15874545,encoded,,124989,True
A,453,15885960,encoded,,10539,False
B,452,15907877,encoded,,12613,False
A,454,15919299,encoded,,17790,False
B,453,15941205,encoded,,12670,False
A,455,15952635,encoded,,17901,False
B,454,15974544,encoded,,13162,False
A,456,15985970,encoded,,22404,False
B,455,16007873,encoded,,17465,False
A,457,16019294,encoded,,20689,False
B,456,16041209,encoded,,18898,False
A,458,16052628,encoded,,11001,False
B,457,16074542,encoded,,16668,False
A,459,16085962,encoded,,9893,False
B,458,16107874,encoded,,15682,False
A,460,16119320,encoded,,8621,False
B,459,16141208,encoded,,12932,False
A,461,16152650,encoded,,20419,False
B,460,16174546,encoded,,12739,False
A,462,16185964,encoded,,4913,False
B,461,16207880,encoded,,18638,False
A,463,16219333,encoded,,22525,False
B,462,16241207,encoded,,15367,False
A,464,16252646,encoded,,14113,False
B,463,16274556,encoded,,19084,False
A,465,16286003,encoded,,11982,False
B,464,16307883,encoded,,10709,False
A,466,16319308,encoded,,10565,False
B,465,16341212,encoded,,9638,False
A,467,16385968,encoded,,10491,False
B,466,16374554,encoded,,8446,False
A,468,16419299,encoded,,9473,False
B,467,16407887,encoded,,7973,False
A,469,16452633,encoded,,9218,False
B,468,16441229,encoded,,7453,False
A,470,16485967,encoded,,8558,False
B,469,16474552,encoded,,7056,False
A,471,16519301,encoded,,8167,False
B,470,16541213,encoded,,7480,False
A,472,16552635,encoded,,8231,False
B,471,16574546,encoded,,12998,False
A,473,16585969,encoded,,7864,False
B,472,16607882,encoded,,9376,False
A,474,16619321,encoded,,8127,False
B,473,16641213,encoded,,8814,False
A,475,16652666,encoded,,7434,False
B,474,16674548,encoded,,7707,False
A,476,16685979,encoded,,7510,False
B,475,16707890,encoded,,8110,False
A,477,16719336,encoded,,14639,False
B,476,16741220,encoded,,16667,False
A,478,16752638,encoded,,19374,False
B,477,16774554,encoded,,37081,False
A,479,16785995,encoded,,13960,False
B,478,16807908,encoded,,3768,False
A,480,16819321,encoded,,16666,False
B,479,16841240,encoded,,9151,False
A,481,16852646,encoded,,125885,True
B,480,16874574,encoded,,16666,False
B,481,16907919,encoded,,124726,True
A,482,16885973,encoded,,20014,False
B,482,16941232,encoded,,12556,False
A,483,16919316,encoded,,11114,False
B,483,16974565,encoded,,19757,False
A,484,16952643,encoded,,17907,False
B,484,17007902,encoded,,15495,False
A,485,16985975,encoded,,17713,False
B,485,17041224,encoded,,22611,False
A,486,17019390,encoded,,23123,False
B,486,17074562,encoded,,17465,False
A,487,17052693,encoded,,20274,False
B,487,17107890,encoded,,23301,False
A,488,17085991,encoded,,11449,False
B,488,17141223,encoded,,17971,False
A,489,17119328,encoded,,9327,False
B,489,17174566,encoded,,11158,False
A,490,17152660,encoded,,8051,False
B,490,17207895,encoded,,11005,False
A,491,17185990,encoded,,7694,False
A,492,17219318,encoded,,19757,False
B,491,17241232,encoded,,17657,False
A,493,17252645,encoded,,20635,False
B,492,17274565,encoded,,9471,False
A,494,17285984,encoded,,13543,False
B,493,17307899,encoded,,7908,False
A,495,17319313,encoded,,11540,False
B,494,17341228,encoded,,6865,False
A,496,17352654,encoded,,10266,False
B,495,17374561,encoded,,6388,False
A,497,17386002,encoded,,10386,False
B,496,17407896,encoded,,5657,False
A,498,17419316,encoded,,9443,False
B,497,17441238,encoded,,13400,False
A,499,17452669,encoded,,9417,False
B,498,17474569,encoded,,9212,False
A,500,17519340,encoded,,9552,False
B,499,17507896,encoded,,7975,False
A,501,17552661,encoded,,8684,False
B,500,17541255,encoded,,7195,False
A,502,17585987,encoded,,7945,False
B,501,17574585,encoded,,6889,False
A,503,17619323,encoded,,7681,False
B,502,17607921,encoded,,6660,False
A,504,17652653,encoded,,7751,False
B,503,17641247,encoded,,5995,False
A,505,17685990,encoded,,7448,False
B,504,17674582,encoded,,12683,False
A,506,17719318,encoded,,7662,False
B,505,17741236,encoded,,25865,False
A,507,17752654,encoded,,15739,False
B,506,17774568,encoded,,30922,False
A,508,17785988,encoded,,31916,False
B,507,17807901,encoded,,2143,False
A,509,17819345,encoded,,4502,False
B,508,17841237,encoded,,7737,False
A,510,17852673,encoded,,13582,False
B,509,17874575,encoded,,16667,False
A,511,17885988,encoded,,126029,True
B,510,17907902,encoded,,16666,False
A,512,17919355,encoded,,18089,False
B,511,17941242,encoded,,124823,True
A,513,17952726,encoded,,6985,False
B,512,17974581,encoded,,9815,False
A,514,17985999,encoded,,23340,False
B,513,18007912,encoded,,16674,False
