seconds,camera,captured_frames,encoded_frames,dropped_frames,capture_queue,encoder_input_send_interval_ms,queue_dwell_cumulative_ms,temperature_c,cpu_busy_percent,throttled_bits,transport_bytes
0.0,A,0,0,0,0,,,57.3,,0,0
0.0,B,0,0,0,0,,,57.3,,0,0
1.018202956,A,32,30,1,0,16.92679366666667,0.2061218064516129,57.85,58.58585858585859,0,1118600
1.018202956,B,30,29,1,0,18.205094793103445,0.06988244827586207,57.85,58.58585858585859,0,1118600
2.040612275,A,63,61,1,0,17.771952677419357,0.30051791935483874,61.15,61.40350877192983,0,2264836
2.040612275,B,61,60,1,0,19.55002790322581,0.05600811666666666,61.15,61.40350877192983,0,2264836
3.043702701,A,93,91,1,0,17.0187113,0.21843261956521737,60.05,58.31202046035806,0,3390016
3.043702701,B,91,90,1,0,18.319896733333334,0.045664222222222224,60.05,58.31202046035806,0,3390016
4.046807471,A,123,121,1,0,17.804974933333337,0.18565952459016394,62.25,62.18274111675126,0,4525724
4.046807471,B,121,120,1,0,18.84020356666667,0.044203341666666666,62.25,62.18274111675126,0,4525724
5.054188325,A,153,152,1,0,17.518152516129025,0.17953934868421054,62.8,60.55979643765903,0,5639060
5.054188325,B,152,150,1,0,18.473484566666666,0.04253460927152318,62.8,60.55979643765903,0,5639060
6.057827945,A,184,182,1,0,17.310634600000004,0.16104360109289614,63.9,61.02564102564103,0,6774768
6.057827945,B,181,180,1,0,18.750544266666658,0.040888266666666666,63.9,61.02564102564103,0,6774768
7.079455031,A,214,212,1,0,16.867392266666673,0.159223338028169,64.45,60.1010101010101,0,7922320
7.079455031,B,212,211,1,0,18.388562387096773,0.038341549763033174,64.45,60.1010101010101,0,7922320
8.095847951,A,244,243,1,0,17.0285510967742,0.153651670781893,65.0,60.150375939849624,0,9056712
8.095847951,B,243,241,1,0,18.35961646666668,0.04218745041322314,65.0,60.150375939849624,0,9056712
9.111322482,A,275,274,1,0,17.312266419354827,0.1452662262773723,65.0,60.25,0,10220056
9.111322482,B,273,271,1,0,18.2413536,0.049812297794117645,65.0,60.25,0,10220056
10.110182188,A,305,303,1,0,17.044509448275868,0.14215310855263158,66.1,60.1522842639594,0,11339972
10.110182188,B,303,302,1,0,17.768398032258055,0.047583377483443705,66.1,60.1522842639594,0,11339972
11.116891373,A,335,334,1,0,16.646702064516113,0.1457877005988024,64.45,59.03307888040712,0,12478312
11.116891373,B,333,332,1,0,17.071878800000004,0.04580653012048192,64.45,59.03307888040712,0,12478312
12.120981313,A,365,364,1,0,16.756169600000014,0.15132732417582417,66.1,59.09090909090908,0,13604808
12.120981313,B,363,362,1,0,17.362771166666658,0.04374346685082873,66.1,59.09090909090908,0,13604808
13.128781566,A,396,394,1,0,17.311668,0.14807493417721518,66.65,60.71428571428572,0,14740516
13.128781566,B,393,392,1,0,18.184190666666687,0.04266557653061225,66.65,60.71428571428572,0,14740516
14.143999784,A,426,425,1,0,19.22398125806451,0.14850092470588233,67.2,65.23929471032746,0,15877540
14.143999784,B,424,422,1,0,19.57588743333332,0.058272612293144205,67.2,65.23929471032746,0,15877540
15.154649608,A,456,454,1,0,17.26226837931034,0.14264377142857143,67.2,59.84848484848485,0,17002720
15.154649608,B,454,453,1,0,18.065855903225803,0.05658943267108167,67.2,59.84848484848485,0,17002720
16.167238074,A,486,485,1,0,18.942539193548413,0.13867897113402064,66.65,64.23173803526448,0,18156852
16.167238074,B,485,483,1,0,19.349803333333323,0.06316445661157025,66.65,64.23173803526448,0,18156852
17.16976347,A,516,515,1,0,18.77500793333333,0.13424117475728156,66.1,64.9874055415617,0,19280716
17.16976347,B,515,513,1,0,19.34409733333333,0.06153522762645914,66.1,64.9874055415617,0,19280716
18.174108843,A,547,545,1,0,18.626303999999973,0.13387960073260072,68.3,64.96163682864452,0,20411160
18.174108843,B,545,543,1,0,20.062706933333352,0.06072065992647059,68.3,64.96163682864452,0,20411160
19.18317865,A,577,575,1,0,18.626449000000022,0.13180915104166666,67.75,63.8676844783715,0,21540288
19.18317865,B,575,574,1,0,18.592770322580673,0.06038457839721254,67.75,63.8676844783715,0,21540288
20.202981226,A,607,606,1,0,19.359341451612874,0.1306112689768977,68.85,65.2605459057072,0,22702316
20.202981226,B,606,604,1,0,19.281219766666613,0.06419477520661157,68.85,65.2605459057072,0,22702316
21.217412211,A,638,636,1,0,19.485237700000035,0.13443593563579279,68.85,66.58415841584157,0,23827496
21.217412211,B,636,635,1,0,19.867492096774217,0.0677052598425197,68.85,66.58415841584157,0,23827496
22.243020371,A,669,667,1,0,18.97511516129033,0.13097631287425152,68.3,64.48362720403023,0,24989524
22.243020371,B,667,665,1,0,18.972403599999968,0.06849428078078078,68.3,64.48362720403023,0,24989524
23.243720384,A,698,697,1,0,20.791243233333343,0.1359985681492109,68.3,68.26196473551637,0,26114704
23.243720384,B,697,695,1,0,20.96365533333334,0.08063127011494252,68.3,68.26196473551637,0,26114704
24.250497374,A,729,727,1,0,18.86341226666663,0.1402449271978022,68.85,66.66666666666667,0,27239884
24.250497374,B,727,726,1,0,19.613445419354843,0.0794942782369146,68.85,66.66666666666667,0,27239884
25.264468258,A,759,758,1,0,18.453587935483867,0.13843582453825856,69.95,64.17910447761194,0,28365064
25.264468258,B,758,756,1,0,18.21595069999999,0.08098466182298546,69.95,64.17910447761194,0,28365064
26.26893166,A,789,788,1,0,18.911100600000037,0.13717373223350254,68.85,65.23929471032746,0,29490244
26.26893166,B,788,786,1,0,19.459288366666687,0.07937786277001271,68.85,65.23929471032746,0,29490244
27.379966702,A,823,821,1,0,19.11103939393936,0.13658517518248176,70.5,65.55269922879177,0,30754920
27.379966702,B,821,820,1,0,19.27247311764709,0.0861718756097561,70.5,65.55269922879177,0,30754920
28.282303271,A,850,848,1,0,18.380639333333335,0.13458234040047115,68.85,63.52040816326531,0,31740604
28.282303271,B,848,847,1,0,18.571047925925914,0.08782106611570248,68.85,63.52040816326531,0,31740604
29.302585143,A,880,879,1,0,19.43597116129034,0.13484161547212742,69.4,66.25,0,32864468
29.302585143,B,879,877,1,0,19.614734699999975,0.08633118678815489,69.4,66.25,0,32864468
30.318718784,A,911,909,1,0,19.466762033333318,0.13302472307692306,69.4,66.58476658476658,0,33989648
30.318718784,B,909,908,1,0,19.434211483870964,0.08741231057268724,69.4,66.58476658476658,0,33989648
31.320375576,A,941,939,1,0,18.15704246666661,0.13042973085106382,68.85,63.239074550128535,0,35114828
31.320375576,B,939,938,1,0,19.260606033333392,0.0858342420042644,68.85,63.239074550128535,0,35114828
32.321544994,A,971,970,1,0,18.223310548387108,0.12875009896907216,69.4,63.959390862944154,0,36240008
32.321544994,B,969,968,1,0,18.169684566666557,0.08740773760330578,69.4,63.959390862944154,0,36240008
33.433237118,A,1004,1003,1,0,19.25937251515156,0.13046848953140577,70.5,65.23929471032746,0,37533636
33.433237118,B,1003,1001,1,0,19.44751681818192,0.09005212974051896,70.5,65.23929471032746,0,37533636
34.337713743,A,1031,1030,1,0,17.77683900000003,0.13682989999999998,70.5,63.01020408163265,0,38490368
34.337713743,B,1030,1028,1,0,18.26332322222215,0.08868542371234207,70.5,63.01020408163265,0,38490368
35.350822906,A,1062,1060,1,0,18.20679329999996,0.13568100659754948,71.6,64.3765903307888,0,39615548
35.350822906,B,1060,1059,1,0,18.784981967741924,0.08747206515580735,71.6,64.3765903307888,0,39615548
36.360934382,A,1092,1091,1,0,18.689915516129066,0.13321037671860678,71.05,64.83790523690773,0,40871012
36.360934382,B,1091,1089,1,0,18.91581613333337,0.08594449449541285,71.05,64.83790523690773,0,40871012
37.37238658,A,1122,1121,1,0,19.215379166666665,0.13263418376449598,71.05,65.07537688442211,0,42005404
37.37238658,B,1121,1120,1,0,20.01711235483868,0.09451694017857143,71.05,65.07537688442211,0,42005404
38.379994709,A,1153,1151,1,0,18.473738033333294,0.13407541145833335,71.05,63.8676844783715,0,43149008
38.379994709,B,1151,1150,1,0,19.20790789999999,0.0958273547826087,71.05,63.8676844783715,0,43149008
39.491992158,A,1186,1184,1,0,19.379854818181784,0.13210822194092828,71.6,65.39440203562341,0,44289980
39.491992158,B,1185,1183,1,0,20.4046570909091,0.09766530996621621,71.6,65.39440203562341,0,44289980
40.391489955,A,1213,1212,1,0,18.095345142857173,0.13075386881188117,71.05,64.03061224489797,0,45408580
40.391489955,B,1212,1210,1,0,18.53761492592593,0.09857738563170933,71.05,64.03061224489797,0,45408580
41.399363167,A,1243,1242,1,0,18.150567233333366,0.12988117793880838,71.6,64.05063291139241,0,46541656
41.399363167,B,1242,1240,1,0,18.49045689999995,0.09691851329572926,71.6,64.05063291139241,0,46541656
42.406107733,A,1274,1272,1,0,17.92822546666662,0.12864417203456402,71.6,63.104325699745544,0,47654992
42.406107733,B,1272,1270,1,0,18.416918966666735,0.09694286782061369,71.6,63.104325699745544,0,47654992
43.517587954,A,1307,1305,1,0,20.22742939393945,0.13069572588055128,71.6,66.24685138539043,0,48923616
43.517587954,B,1305,1304,1,0,20.116292794117594,0.10631538190184049,71.6,66.24685138539043,0,48923616
44.436413515,A,1334,1333,1,0,18.743335892857186,0.1293341342835709,70.5,65.5,0,49900088
44.436413515,B,1333,1331,1,0,18.257651481481478,0.10608775,70.5,65.5,0,49900088
45.43719642,A,1364,1363,1,0,17.77868729999997,0.129237713866471,71.6,63.01020408163265,0,51025268
45.43719642,B,1363,1361,1,0,18.90646096666666,0.1047157804698972,71.6,63.01020408163265,0,51025268
46.455850539,A,1395,1393,1,0,18.205816466666633,0.12875181420373027,71.6,63.797468354430386,0,52162292
46.455850539,B,1393,1392,1,0,19.276821032258173,0.10316830028735632,71.6,63.797468354430386,0,52162292
47.465776055,A,1425,1424,1,0,18.6191756451613,0.12963580898876403,72.15,65.92592592592592,0,53280892
47.465776055,B,1424,1422,1,0,19.426889899999896,0.10456809276177091,72.15,65.92592592592592,0,53280892
48.472906549,A,1456,1454,1,0,20.17737086666661,0.13003111958762886,72.15,66.49616368286445,0,54413968
48.472906549,B,1454,1452,1,0,20.805890266666687,0.11092727529249828,72.15,66.49616368286445,0,54413968
49.482978603,A,1486,1484,1,0,17.980241766666747,0.1291813542087542,72.7,64.19437340153453,0,55537832
49.482978603,B,1484,1483,1,0,19.58115732258066,0.10998005799055968,72.7,64.19437340153453,0,55537832
50.489746546,A,1516,1514,1,0,18.448680633333325,0.13012354719471947,72.15,64.321608040201,0,56660380
50.489746546,B,1514,1513,1,0,19.28104716666664,0.10881544282881692,72.15,64.321608040201,0,56660380
51.494473127,A,1546,1545,1,0,18.614925548387028,0.12850166213592235,71.6,64.39393939393939,0,57784244
51.494473127,B,1545,1543,1,0,18.991241133333368,0.10773707772020726,71.6,64.39393939393939,0,57784244
52.501931343,A,1576,1575,1,0,18.0559101000001,0.1316858526984127,73.25,63.13131313131313,0,59026548
52.501931343,B,1575,1573,1,0,19.36865610000007,0.10653697585768741,73.25,63.13131313131313,0,59026548
53.518900102,A,1607,1605,1,0,18.605764999999973,0.1329817702366127,72.15,64.41102756892231,0,60168836
53.518900102,B,1605,1604,1,0,18.982685645161258,0.1063950349127182,72.15,64.41102756892231,0,60168836
54.535004508,A,1637,1636,1,0,17.495209516129066,0.13269949755501223,73.25,62.37373737373737,0,61316388
54.535004508,B,1636,1634,1,0,17.671181533333286,0.10506654067278288,73.25,62.37373737373737,0,61316388
55.541790408,A,1667,1665,1,0,19.216338758620594,0.13149463505402162,72.15,66.75062972292191,0,62444200
55.541790408,B,1666,1664,1,0,20.227555100000032,0.10646761861861863,72.15,66.75062972292191,0,62444200
56.552710229,A,1697,1695,1,0,24.313941000000014,0.13313256073113208,73.25,75.87939698492463,0,63581224
56.552710229,B,1695,1693,1,0,24.253564793103468,0.11099982231404958,73.25,75.87939698492463,0,63581224
57.566984754,A,1727,1725,1,0,23.0884981333334,0.1325179333719583,73.25,72.65822784810126,0,64709036
57.566984754,B,1726,1724,1,0,22.78338770967734,0.11597042550724637,73.25,72.65822784810126,0,64709036
58.67875249,A,1760,1759,1,0,22.727845794117627,0.13339649175667992,72.7,73.77450980392157,0,65965816
58.67875249,B,1759,1757,1,0,23.203666575757616,0.11696404607508532,72.7,73.77450980392157,0,65965816
59.68998221,A,1791,1789,1,0,23.98897759999993,0.1340326782122905,72.15,73.93483709273183,0,67116000
59.68998221,B,1789,1787,1,0,23.193952193548363,0.11833340771812081,72.15,73.93483709273183,0,67116000
60.598857053,A,1818,1816,1,0,23.139093925926005,0.1369864716565768,73.25,73.00771208226222,0,68121424
60.598857053,B,1816,1814,1,0,22.561225730769337,0.12202911680440773,73.25,73.00771208226222,0,68121424
61.615500321,A,1848,1847,1,0,22.39755658064518,0.1383612024905252,73.8,73.38308457711442,0,69263712
61.615500321,B,1847,1845,1,0,22.53156841935482,0.12465973510292525,73.8,73.38308457711442,0,69263712
62.633577661,A,1879,1877,1,0,23.224632699999958,0.140175089456869,73.8,73.1829573934837,0,70415212
62.633577661,B,1877,1876,1,0,21.99779593548395,0.1293399029850746,73.8,73.1829573934837,0,70415212
63.650890999,A,1909,1908,1,0,22.90337967741946,0.1420384323899371,73.25,73.20099255583126,0,71550920
63.650890999,B,1908,1906,1,0,22.84474096666649,0.13410064866282118,73.25,73.20099255583126,0,71550920
64.667512705,A,1940,1938,1,0,22.688204899999995,0.14495054100051571,73.25,73.0,0,72715580
64.667512705,B,1938,1937,1,0,23.21307925806459,0.13837673051109964,73.25,73.0,0,72715580
65.685239226,A,1970,1969,1,0,22.129916838709626,0.14619793143727783,72.7,72.61306532663316,0,73846024
65.685239226,B,1969,1967,1,0,21.842434066666662,0.13886384654471548,72.7,72.61306532663316,0,73846024
66.689657254,A,2001,1999,1,0,23.2762474999999,0.14767937049999996,73.8,73.88059701492537,0,74996208
66.689657254,B,1999,1997,1,0,22.965145000000053,0.13827365665665664,73.8,73.88059701492537,0,74996208
67.801855196,A,2034,2032,1,0,23.31722057575755,0.14761657648794888,73.25,73.36683417085428,0,76243776
67.801855196,B,2032,2031,1,0,22.831433647058684,0.13963282274741506,73.25,73.36683417085428,0,76243776
68.710886164,A,2061,2060,1,0,22.31598257142864,0.14816597281553398,72.7,72.44897959183673,0,77251832
68.710886164,B,2060,2058,1,0,22.429087074074204,0.14108874405050997,72.7,72.44897959183673,0,77251832
69.718953988,A,2091,2090,1,0,23.27549803333332,0.15043505885167463,73.25,73.40153452685422,0,78395436
69.718953988,B,2090,2088,1,0,24.145512633333354,0.14040150311153662,73.25,73.40153452685422,0,78395436
70.733214734,A,2122,2120,1,0,23.262615700000026,0.15295215794436587,74.35,74.0648379052369,0,79532460
70.733214734,B,2120,2119,1,0,23.095363387096793,0.13994898442661632,74.35,74.0648379052369,0,79532460
71.745184824,A,2152,2151,1,0,25.233568709677506,0.15312337331473733,74.35,73.53689567430027,0,80686592
71.745184824,B,2151,2149,1,0,25.01367943333338,0.14125623860465114,74.35,73.53689567430027,0,80686592
72.761254408,A,2183,2181,1,0,22.034576600000015,0.15354142438130156,73.8,72.54408060453402,0,81818352
72.761254408,B,2181,2180,1,0,21.88425364516123,0.1424444899082569,73.8,72.54408060453402,0,81818352
73.771298996,A,2213,2211,1,0,21.983308033333223,0.1543932861663653,74.35,71.90721649484536,0,82954060
73.771298996,B,2211,2210,1,0,22.615636466666558,0.14345745384615383,74.35,71.90721649484536,0,82954060
74.788273814,A,2243,2242,1,0,24.244505645161194,0.1542853795718109,74.35,72.97979797979798,0,84104244
74.788273814,B,2242,2240,1,0,24.16792103333349,0.15173523248549753,74.35,72.97979797979798,0,84104244
75.899550701,A,2277,2275,1,0,23.716710757575928,0.1556058695079086,73.25,74.18546365914787,0,85359708
75.899550701,B,2275,2274,1,0,23.094586852941003,0.15314183597185577,73.25,74.18546365914787,0,85359708
76.809238567,A,2304,2302,1,0,24.118987481481497,0.15692646026921406,74.35,74.32098765432099,0,86370396
76.809238567,B,2302,2301,1,0,22.80183277777803,0.15551617383746197,74.35,74.32098765432099,0,86370396
77.830643972,A,2335,2333,1,0,23.696244258064418,0.15651252613538988,73.25,73.20099255583126,0,87508736
77.830643972,B,2333,2332,1,0,22.561405806451557,0.1563998512006861,73.25,73.20099255583126,0,87508736
78.840506886,A,2365,2363,1,0,23.331812666666757,0.15716900042301182,73.25,72.84263959390863,0,88668132
78.840506886,B,2363,2362,1,0,22.95225026666671,0.1560420148179509,73.25,72.84263959390863,0,88668132
79.852165592,A,2395,2393,1,0,22.73126433333332,0.15696989473684209,74.9,72.54408060453402,0,89805156
79.852165592,B,2394,2393,1,0,23.59924377419343,0.15813651525282074,74.9,72.54408060453402,0,89805156
80.859892376,A,2425,2423,1,0,22.66155469999984,0.1562998469471947,73.8,73.67088607594935,0,90927704
80.859892376,B,2425,2423,1,0,23.49356300000002,0.15922404579207922,73.8,73.67088607594935,0,90927704
81.972092411,A,2458,2457,1,0,23.12798979411778,0.15769446316646316,73.25,73.1829573934837,0,92189748
81.972092411,B,2458,2456,1,0,22.804649848484857,0.16098835205535206,73.25,73.1829573934837,0,92189748
82.883269354,A,2486,2484,1,0,24.417103777777818,0.15715369657947684,73.8,73.23232323232322,0,93208332
82.883269354,B,2485,2484,1,0,23.564714285714285,0.16048042753623187,73.8,73.23232323232322,0,93208332
83.886668904,A,2516,2514,1,0,22.077582233333338,0.15752462385685886,76.0,74.05541561712846,0,94340092
83.886668904,B,2515,2514,1,0,22.80929693333333,0.16078202068416866,76.0,74.05541561712846,0,94340092
84.903200359,A,2547,2545,1,0,23.633385677419362,0.1582877364493323,74.9,73.88059701492537,0,95490276
84.903200359,B,2545,2544,1,0,24.012789299999923,0.16343359001572327,74.9,73.88059701492537,0,95490276
85.906962389,A,2577,2575,1,0,23.244549399999777,0.15936811917701862,74.35,73.55163727959697,0,96614140
85.906962389,B,2575,2574,1,0,23.559561533333362,0.1628873084693085,74.35,73.55163727959697,0,96614140
86.922742184,A,2607,2606,1,0,22.975955225806562,0.1617089355333845,74.9,73.44913151364764,0,97743268
86.922742184,B,2606,2604,1,0,22.580138166666778,0.16254005412667946,74.9,73.44913151364764,0,97743268
87.936039471,A,2638,2636,1,0,22.5334850666667,0.16379832385286308,76.0,73.43358395989975,0,98901348
87.936039471,B,2636,2635,1,0,22.782806354838755,0.1645416834914611,76.0,73.43358395989975,0,98901348
88.94643716,A,2668,2666,1,0,23.73101773333326,0.16373662729658792,76.0,73.41772151898735,0,100026528
88.94643716,B,2667,2665,1,0,23.049667066666483,0.1645687738184546,76.0,73.41772151898735,0,100026528
89.954997596,A,2698,2697,1,0,22.257964419354835,0.16419400741564702,76.55,72.1938775510204,0,101162236
89.954997596,B,2697,2695,1,0,21.459509966666747,0.16456600927299703,76.55,72.1938775510204,0,101162236
