run,camera,requested_seconds,capture_seconds,implementation,encoder_input,allocator,encoder_threads,width,height,encoded_fps_after_10s,delivered_fps_after_10s,h264_payload_mbps_after_10s,intervals_over_50ms,encoder_ms,capture_drops,steady_capture_drops,ts_mbps,spi_messages,payload_bytes,sequence_wraps,sender_crc_chain,pico_crc_chain,pico_underruns,maximum_temperature_c,mean_total_cpu_percent,termination_reason,failures,scope
camera-only-control-90s,A,90.0,90.055399116,camera-only,dmabuf,dma_heap_cached,3,2064,1552,29.999462297246435,29.999462297246435,3.9922719495392385,0,20.52469371608634,1,0,8.999684053725078,,101592380,,,,,76.55,68.11720784284539,,,"Camera-only local UDP control, no SPI. Steady camera statistics exclude the first 10 seconds."
camera-only-control-90s,B,90.0,90.055399116,camera-only,dmabuf,dma_heap_cached,3,2064,1552,29.99943317841162,29.99943317841162,3.9919891699934467,0,20.751923420749275,1,0,8.999684053725078,,101592380,,,,,76.55,68.11720784284539,,,"Camera-only local UDP control, no SPI. Steady camera statistics exclude the first 10 seconds."
current-cached-60s,A,60.0,60.058972189,python,dmabuf,dma_heap_cached,2,2064,1552,28.730746409524173,28.75057439186339,3.824336528447454,63,33.160865346002566,2,1,8.994577222310301,51577,67874204,0,0xd898cd9e,0xd898cd9e,0,72.15,81.40350181355537,,,"Real-camera wired digital test, no RF. Steady camera statistics exclude the first 10 seconds."
current-cached-60s,B,60.0,60.058972189,python,dmabuf,dma_heap_cached,2,2064,1552,28.79179927181302,28.79179927181302,3.8203769543547605,61,32.91352602387917,1,0,8.994577222310301,51577,67874204,0,0xd898cd9e,0xd898cd9e,0,72.15,81.40350181355537,,,"Real-camera wired digital test, no RF. Steady camera statistics exclude the first 10 seconds."
current-cached-t3-60s,A,60.0,17.610465013,python,dmabuf,dma_heap_cached,3,2064,1552,29.24639447185405,29.24639447185405,3.9166259351001167,6,29.138229029597703,1,0,8.990713545085914,14614,19232024,0,0x8fc7a1ae,0x8fc7a1ae,0,67.2,81.39982150603505,"SPI sender ended during capture; UDP queue overflow. Capture terminated by harness. Original harness omitted report, reconstructed from raw logs.",process/session failure; capture shorter than requested duration; sender did not complete normally; capture/UDP/SPI byte count mismatch; buffered_unsent; queue_overflows,"Real-camera wired digital test, no RF. Steady camera statistics exclude the first 10 seconds."
current-cached-t3-60s,B,60.0,17.610465013,python,dmabuf,dma_heap_cached,3,2064,1552,29.124581334143322,29.124581334143322,3.8931240363419777,7,28.75172893678161,1,0,8.990713545085914,14614,19232024,0,0x8fc7a1ae,0x8fc7a1ae,0,67.2,81.39982150603505,"SPI sender ended during capture; UDP queue overflow. Capture terminated by harness. Original harness omitted report, reconstructed from raw logs.",process/session failure; capture shorter than requested duration; sender did not complete normally; capture/UDP/SPI byte count mismatch; buffered_unsent; queue_overflows,"Real-camera wired digital test, no RF. Steady camera statistics exclude the first 10 seconds."
current-cached-t3-priority-600s,A,600.0,210.031023613,python,dmabuf,dma_heap_cached,3,2064,1552,28.422292421929615,28.422292421929615,3.789753350847288,316,30.89621966740301,1,0,8.996617908912276,179818,236639548,2,0x465758f0,0x465758f0,0,80.4,81.2425303366301,temperature reached 80 C; stopping test,process/session failure; capture shorter than requested duration; sender did not complete normally,"Real-camera wired digital test, no RF. Steady camera statistics exclude the first 10 seconds."
current-cached-t3-priority-600s,B,600.0,210.031023613,python,dmabuf,dma_heap_cached,3,2064,1552,28.413081368695043,28.413081368695043,3.787602220312708,318,30.8345711866847,1,0,8.996617908912276,179818,236639548,2,0x465758f0,0x465758f0,0,80.4,81.2425303366301,temperature reached 80 C; stopping test,process/session failure; capture shorter than requested duration; sender did not complete normally,"Real-camera wired digital test, no RF. Steady camera statistics exclude the first 10 seconds."
current-cached-t3-priority-60s,A,60.0,60.046321606,python,dmabuf,dma_heap_cached,3,2064,1552,28.709757506118482,28.709757506118482,3.8254301508365423,65,30.685890456537997,4,0,9.001596974013745,51553,67843560,0,0x628b5058,0x628b5058,0,70.5,81.46599716459566,,,"Real-camera wired digital test, no RF. Steady camera statistics exclude the first 10 seconds."
current-cached-t3-priority-60s,B,60.0,60.046321606,python,dmabuf,dma_heap_cached,3,2064,1552,28.631259065367445,28.631259065367445,3.8146276666354644,69,30.83803906325771,1,0,9.001596974013745,51553,67843560,0,0x628b5058,0x628b5058,0,70.5,81.46599716459566,,,"Real-camera wired digital test, no RF. Steady camera statistics exclude the first 10 seconds."
current-uncached-60s,A,60.0,60.044926629,python,dmabuf,libcamera,2,2064,1552,27.04753613392307,29.99997780714984,3.621299936686969,0,36.757804775979686,174,149,8.996028310867997,51712,68052804,0,0xf0341446,0xf0341446,0,66.1,77.14336456312344,,,"Real-camera wired digital test, no RF. Steady camera statistics exclude the first 10 seconds."
current-uncached-60s,B,60.0,60.044926629,python,dmabuf,libcamera,2,2064,1552,27.50983629809461,29.999950790594553,3.68385767272358,0,36.17154190943927,145,126,8.996028310867997,51712,68052804,0,0xf0341446,0xf0341446,0,66.1,77.14336456312344,,,"Real-camera wired digital test, no RF. Steady camera statistics exclude the first 10 seconds."
direct-tx-copy-60s,A,60.0,60.048083318,python,copy,dma_heap_cached,3,2064,1552,25.652099907304986,25.652099907304986,3.420505164897436,219,32.39741994570013,1,0,9.000990948144537,51565,67859164,0,0x8725a045,0x8725a045,0,52.35,77.07354204286284,,,"Real-camera wired digital test, no RF. Steady camera statistics exclude the first 10 seconds."
direct-tx-copy-60s,B,60.0,60.048083318,python,copy,dma_heap_cached,3,2064,1552,25.635115441452662,25.635115441452662,3.4212807609232425,220,32.29019364995061,1,0,9.000990948144537,51565,67859164,0,0x8725a045,0x8725a045,0,52.35,77.07354204286284,,,"Real-camera wired digital test, no RF. Steady camera statistics exclude the first 10 seconds."
direct-tx-normal-priority-60s,A,60.0,60.046237198,python,dmabuf,dma_heap_cached,3,2064,1552,29.780875888914473,29.780875888914473,3.97186414027952,11,26.774063698187184,1,0,8.995810948783788,51539,67824572,0,0xdfebcdce,0xdfebcdce,0,56.2,78.80838893582727,,,"Real-camera wired digital test, no RF. Steady camera statistics exclude the first 10 seconds."
direct-tx-normal-priority-60s,B,60.0,60.046237198,python,dmabuf,dma_heap_cached,3,2064,1552,29.80099124084824,29.80099124084824,3.971352662035504,10,26.851088899381214,1,0,8.995810948783788,51539,67824572,0,0xdfebcdce,0xdfebcdce,0,56.2,78.80838893582727,,,"Real-camera wired digital test, no RF. Steady camera statistics exclude the first 10 seconds."
direct-tx-t3-60s,A,60.0,60.055029972,python,dmabuf,dma_heap_cached,3,2064,1552,29.701687323690873,29.701687323690873,3.9649313745192893,15,27.672817237604484,1,0,9.000196621745657,51607,67914436,0,0xa4216683,0xa4216683,0,56.2,78.75230756015903,,,"Real-camera wired digital test, no RF. Steady camera statistics exclude the first 10 seconds."
direct-tx-t3-60s,B,60.0,60.055029972,python,dmabuf,dma_heap_cached,3,2064,1552,29.682034035835237,29.682034035835237,3.9637343044348428,16,27.565046010258122,1,0,9.000196621745657,51607,67914436,0,0xa4216683,0xa4216683,0,56.2,78.75230756015903,,,"Real-camera wired digital test, no RF. Steady camera statistics exclude the first 10 seconds."
duplex-fan-control-60s,A,60.0,60.050061415,python,dmabuf,dma_heap_cached,3,2064,1552,29.107638083989823,29.107638083989823,3.8812085784588457,45,30.331187666392005,1,0,9.000748400155897,51663,67987380,0,0x566092b2,0x566092b2,0,56.2,81.2654151653902,,,"Real-camera wired digital test, no RF. Steady camera statistics exclude the first 10 seconds."
duplex-fan-control-60s,B,60.0,60.050061415,python,dmabuf,dma_heap_cached,3,2064,1552,29.10762078131948,29.10762078131948,3.8808770322305772,45,30.20790148779144,1,0,9.000748400155897,51663,67987380,0,0x566092b2,0x566092b2,0,56.2,81.2654151653902,,,"Real-camera wired digital test, no RF. Steady camera statistics exclude the first 10 seconds."
isolated-spi-core3-60s,A,60.0,60.05643987,python,dmabuf,dma_heap_cached,3,2064,1552,28.691532185677328,29.99929539303555,3.8216049298075934,0,34.286056684853946,75,66,8.988342514087845,51657,67980048,0,0x73cf280a,0x73cf280a,0,52.9,77.22033460873818,,,"Real-camera wired digital test, no RF. Steady camera statistics exclude the first 10 seconds."
isolated-spi-core3-60s,B,60.0,60.05643987,python,dmabuf,dma_heap_cached,3,2064,1552,29.149509216136103,29.999291518708205,3.887475779969228,0,33.75870565984513,52,43,8.988342514087845,51657,67980048,0,0x73cf280a,0x73cf280a,0,52.9,77.22033460873818,,,"Real-camera wired digital test, no RF. Steady camera statistics exclude the first 10 seconds."
native-t3-120s,A,120.0,120.044447143,native,dmabuf,dma_heap_cached,3,2064,1552,29.990726216071703,29.990726216071703,3.991983474358956,1,19.17490959651494,1,0,9.000572278077675,102801,135285740,1,0x0f20927e,0x0f20927e,0,56.75,61.37305319917761,,,"Real-camera wired digital test, no RF. Steady camera statistics exclude the first 10 seconds."
native-t3-120s,B,120.0,120.044447143,native,dmabuf,dma_heap_cached,3,2064,1552,29.99070830860683,29.99070830860683,3.994021508358926,1,18.20457890527575,1,0,9.000572278077675,102801,135285740,1,0x0f20927e,0x0f20927e,0,56.75,61.37305319917761,,,"Real-camera wired digital test, no RF. Steady camera statistics exclude the first 10 seconds."
native-t3-retry-60s,A,60.0,60.051075419,native,dmabuf,dma_heap_cached,3,2064,1552,29.999935841721367,29.999935841721367,4.004383673793331,0,17.77940817474206,1,0,8.994914568426582,51588,67889432,0,0xdcbd4bac,0xdcbd4bac,0,53.45,60.49350523019778,,,"Real-camera wired digital test, no RF. Steady camera statistics exclude the first 10 seconds."
native-t3-retry-60s,B,60.0,60.051075419,native,dmabuf,dma_heap_cached,3,2064,1552,29.99990877336448,29.99990877336448,3.9860517838398923,0,18.712026809720985,1,0,8.994914568426582,51588,67889432,0,0xdcbd4bac,0xdcbd4bac,0,53.45,60.49350523019778,,,"Real-camera wired digital test, no RF. Steady camera statistics exclude the first 10 seconds."
profile-sender-30s,A,30.0,29.648171597,python,dmabuf,dma_heap_cached,3,2064,1552,28.849324925796736,28.899323755824113,3.8468975825965672,22,32.6878753116913,2,1,8.958489605006136,24820,32663120,0,0xd18655ad,0xd18655ad,0,54.55,83.22620548811375,SPI sender ended during capture,process/session failure; capture shorter than requested duration; sender did not complete normally; capture/UDP/SPI byte count mismatch; buffered_unsent; queue_overflows,"Real-camera wired digital test, no RF. Steady camera statistics exclude the first 10 seconds."
profile-sender-30s,B,30.0,29.648171597,python,dmabuf,dma_heap_cached,3,2064,1552,28.899343984891544,28.899343984891544,3.839109252219975,22,32.722274772666054,1,0,8.958489605006136,24820,32663120,0,0xd18655ad,0xd18655ad,0,54.55,83.22620548811375,SPI sender ended during capture,process/session failure; capture shorter than requested duration; sender did not complete normally; capture/UDP/SPI byte count mismatch; buffered_unsent; queue_overflows,"Real-camera wired digital test, no RF. Steady camera statistics exclude the first 10 seconds."
tx-only-t3-60s,A,60.0,60.042254595,python,dmabuf,dma_heap_cached,3,2064,1552,29.30439991071291,29.30439991071291,3.9019054669839774,35,28.944169671532443,1,0,9.000559835846381,51537,67821752,0,0x3600e64f,0x3600e64f,0,54.0,80.35833387890872,,,"Real-camera wired digital test, no RF. Steady camera statistics exclude the first 10 seconds."
tx-only-t3-60s,B,60.0,60.042254595,python,dmabuf,dma_heap_cached,3,2064,1552,29.325137575343692,29.325137575343692,3.8997404675755383,34,29.0109502130777,1,0,9.000559835846381,51537,67821752,0,0x3600e64f,0x3600e64f,0,54.0,80.35833387890872,,,"Real-camera wired digital test, no RF. Steady camera statistics exclude the first 10 seconds."
